<?xml version="1.0" encoding="UTF-8"?>
<configurationDescriptor version="100">
  <logicalFolder name="root" displayName="root" projectFiles="true" kind="ROOT">
    <logicalFolder name="src" displayName="src" projectFiles="true">
      <itemPath>../../src/ApiClient.cpp</itemPath>
      <itemPath>../../src/ApiClient.h</itemPath>
      <itemPath>../../src/UdpClient.cpp</itemPath>
      <itemPath>../../src/UdpClient.h</itemPath>
      <itemPath>../../src/main.cpp</itemPath>
    </logicalFolder>
    <logicalFolder name="HeaderFiles" displayName="头文件" projectFiles="true">
    </logicalFolder>
    <logicalFolder name="SourceFiles" displayName="源文件" projectFiles="true">
    </logicalFolder>
    <logicalFolder name="ResourceFiles" displayName="资源文件" projectFiles="true">
    </logicalFolder>
    <logicalFolder name="TestFiles"
                   displayName="测试文件"
                   projectFiles="false"
                   kind="TEST_LOGICAL_FOLDER">
    </logicalFolder>
    <logicalFolder name="ExternalFiles"
                   displayName="重要文件"
                   projectFiles="false"
                   kind="IMPORTANT_FILES_FOLDER">
      <itemPath>Makefile</itemPath>
    </logicalFolder>
  </logicalFolder>
  <sourceRootList>
    <Elem>../../src</Elem>
    <Elem>../../../include</Elem>
  </sourceRootList>
  <projectmakefile>Makefile</projectmakefile>
  <confs>
    <conf name="Debug" type="1">
      <toolsSet>
        <compilerSet>default</compilerSet>
        <dependencyChecking>true</dependencyChecking>
        <rebuildPropChanged>false</rebuildPropChanged>
      </toolsSet>
      <compileType>
        <ccTool>
          <incDir>
            <pElem>../../src</pElem>
            <pElem>../../../include</pElem>
          </incDir>
        </ccTool>
        <linkerTool>
          <output>${CND_DISTDIR}/${CND_CONF}/${CND_PLATFORM}/apidemo</output>
          <linkerAddLib>
            <pElem>/home/esunny/bin/</pElem>
          </linkerAddLib>
          <linkerDynSerch>
            <pElem>/home/esunny/bin/</pElem>
          </linkerDynSerch>
          <commandLine>-g -lpthread -lrt -ldstartradeapi</commandLine>
        </linkerTool>
      </compileType>
      <item path="../../src/ApiClient.cpp" ex="false" tool="1" flavor2="0">
      </item>
      <item path="../../src/ApiClient.h" ex="false" tool="3" flavor2="0">
      </item>
      <item path="../../src/UdpClient.cpp" ex="false" tool="1" flavor2="0">
      </item>
      <item path="../../src/UdpClient.h" ex="false" tool="3" flavor2="0">
      </item>
      <item path="../../src/main.cpp" ex="false" tool="1" flavor2="0">
      </item>
    </conf>
    <conf name="Release" type="1">
      <toolsSet>
        <compilerSet>default</compilerSet>
        <dependencyChecking>true</dependencyChecking>
        <rebuildPropChanged>false</rebuildPropChanged>
      </toolsSet>
      <compileType>
        <cTool>
          <developmentMode>5</developmentMode>
        </cTool>
        <ccTool>
          <developmentMode>5</developmentMode>
          <incDir>
            <pElem>../../src</pElem>
            <pElem>../../../include</pElem>
          </incDir>
        </ccTool>
        <fortranCompilerTool>
          <developmentMode>5</developmentMode>
        </fortranCompilerTool>
        <asmTool>
          <developmentMode>5</developmentMode>
        </asmTool>
        <linkerTool>
          <output>${CND_DISTDIR}/${CND_CONF}/${CND_PLATFORM}/apidemo</output>
          <linkerAddLib>
            <pElem>/home/esunny/bin/</pElem>
          </linkerAddLib>
          <linkerDynSerch>
            <pElem>/home/esunny/bin/</pElem>
          </linkerDynSerch>
          <commandLine>-lpthread -lrt -ldstartradeapi</commandLine>
        </linkerTool>
      </compileType>
      <item path="../../src/ApiClient.cpp" ex="false" tool="1" flavor2="0">
      </item>
      <item path="../../src/ApiClient.h" ex="false" tool="3" flavor2="0">
      </item>
      <item path="../../src/UdpClient.cpp" ex="false" tool="1" flavor2="0">
      </item>
      <item path="../../src/UdpClient.h" ex="false" tool="3" flavor2="0">
      </item>
      <item path="../../src/main.cpp" ex="false" tool="1" flavor2="0">
      </item>
    </conf>
  </confs>
</configurationDescriptor>
